ServiceCategory,Visits,AvgCopay,PctHighCopay_250Plus,AvgOOPPerVisit
Surgery,54,237.7407407407407,61.111111111111114,2548.7631481481485
Advanced Imaging (MRI/CT/US),66,166.43939393939391,45.454545454545453,2631.3865151515151
Behavioral Health,47,11.127659574468082,0.0,2706.1936170212762
Office Visit,114,10.885964912280697,0.0,2659.7067543859657
Lab Test (Blood),74,10.148648648648651,0.0,2512.4760810810812
Simple Radiology (X-ray/DEXA),67,9.3134328358208975,0.0,2723.0413432835826